{
  "id": "miro-integration",
  "title": "Miro Integration",
  "description": "Embeds a Miro board into the Foundry VTT scene.",
  "version": "1.0.1",
  "authors": [
    {
      "name": "sworder84",
      "url": "https://github.com/sworder84",
      "flags": {}
    }
  ],
  "scripts": [
    "miro-integration.js"
  ],
  "styles": [
    "styles.css"
  ],
  "url": "https://github.com/sworder84/miro-integration",
  "manifest": "https://github.com/sworder84/miro-integration/blob/1.0.1/module.json",
  "download": "https://github.com/sworder84/miro-integration/releases/download/1.0.1/module.zip",
  "compatibility": {
    "minimum": "12",
    "verified": "12"
  }
}